'ArbNum', 'Date-4EST', 'Spread', 'Sym_1_Price', 'Sym_2_Price', 'Sym_1_UPnL', 'Sym_2_UPnL', 'Sym_1_RPnL', 'Sym_2_RPnL', 'Tot_UPnL', 'Tot_RPnL', 'Cointegrated', 'P_Value', 'T_Value', 'C_Value', 'Hedge_Ratio', 'Zero_Crossings', 'Z_Score', 'Correlation', 'SRSI', 'ADF'
6005,2022-10-01 12:35:36,-0.0317777,1.715,1.222,0.0,-0.0,-0.184808,-0.188139,0.0,-0.372948,1,0.01,-3.87,None,1.42944,20.0,-3.564,95.1845,1,-2.60682
6005,2022-10-01 12:36:36,-0.0289275,1.715,1.22,0.0,0.2566,-0.184808,-0.188139,0.2566,-0.372948,1,0.01,-3.89,None,1.42945,20.0,-3.47045,95.1881,1,-2.61384
6005,2022-10-01 12:36:42,-0.0324875,1.71,1.219,-0.449,0.3849,-0.184808,-0.188139,-0.0641,-0.372948,1,0.01,-3.86,None,1.42944,20.0,-3.58522,95.1823,1,-2.60499
6005,2022-10-01 12:36:56,-0.0324875,1.71,1.218,-0.449,0.5132,-0.184808,-0.188139,0.0642,-0.372948,1,0.01,-3.86,None,1.42944,20.0,-3.58522,95.1823,1,-2.60499
6005,2022-10-01 12:37:02,-0.0296372,1.71,1.217,-0.449,0.6415,-0.184808,-0.188139,0.1925,-0.372948,1,0.01,-3.87,None,1.42945,20.0,-3.49505,95.1861,1,-2.61215
6005,2022-10-01 12:37:10,-0.0275023,1.715,1.218,0.0,0.5132,-0.184808,-0.188139,0.5132,-0.372948,1,0.01,-3.89,None,1.42945,20.0,-3.41818,95.1898,1,-2.61715
6005,2022-10-01 12:37:23,-0.024652,1.715,1.217,0.0,0.6415,-0.184808,-0.188139,0.6415,-0.372948,1,0.01,-3.91,None,1.42946,20.0,-3.30097,95.193,1,-2.82987
6005,2022-10-01 12:37:29,-0.0260772,1.715,1.216,0.0,0.7698,-0.184808,-0.188139,0.7698,-0.372948,1,0.01,-3.9,None,1.42946,20.0,-3.36181,95.1915,1,-2.62031
6005,2022-10-01 12:37:36,-0.024652,1.715,1.218,0.0,0.5132,-0.184808,-0.188139,0.5132,-0.372948,1,0.01,-3.91,None,1.42946,20.0,-3.30097,95.193,1,-2.82987
6005,2022-10-01 12:37:43,-0.0260772,1.715,1.217,0.0,0.6415,-0.184808,-0.188139,0.6415,-0.372948,1,0.01,-3.9,None,1.42946,20.0,-3.36181,95.1915,1,-2.62031
6005,2022-10-01 12:37:49,-0.024652,1.715,1.217,0.0,0.6415,-0.184808,-0.188139,0.6415,-0.372948,1,0.01,-3.91,None,1.42946,20.0,-3.30097,95.193,1,-2.82987
6005,2022-10-01 12:38:09,-0.024652,1.715,1.216,0.0,0.7698,-0.184808,-0.188139,0.7698,-0.372948,1,0.01,-3.91,None,1.42946,20.0,-3.30097,95.193,1,-2.82987
6005,2022-10-01 12:38:16,-0.0232268,1.715,1.216,0.0,0.7698,-0.184808,-0.188139,0.7698,-0.372948,1,0.01,-3.91,None,1.42946,20.0,-3.23527,95.1946,1,-2.83249
6005,2022-10-01 12:38:22,-0.0218016,1.715,1.213,0.0,1.1547,-0.184808,-0.188139,1.1547,-0.372948,1,0.01,-3.92,None,1.42947,20.0,-3.16431,95.1961,1,-2.83496
6005,2022-10-01 12:38:29,-0.0203764,1.715,1.215,0.0,0.8981,-0.184808,-0.188139,0.8981,-0.372948,1,0.01,-3.93,None,1.42947,20.0,-3.08763,95.1975,1,-2.83727
6005,2022-10-01 12:38:35,-0.0218016,1.715,1.215,0.0,0.8981,-0.184808,-0.188139,0.8981,-0.372948,1,0.01,-3.92,None,1.42947,20.0,-3.16431,95.1961,1,-2.83496
6005,2022-10-01 12:38:42,-0.0203764,1.715,1.214,0.0,1.0264,-0.184808,-0.188139,1.0264,-0.372948,1,0.01,-3.93,None,1.42947,20.0,-3.08763,95.1975,1,-2.83727
6005,2022-10-01 12:38:48,-0.0189512,1.715,1.213,0.0,1.1547,-0.184808,-0.188139,1.1547,-0.372948,1,0.01,-3.93,None,1.42947,20.0,-3.00476,95.1989,1,-2.83941
6005,2022-10-01 12:38:55,-0.0218016,1.715,1.215,0.0,0.8981,-0.184808,-0.188139,0.8981,-0.372948,1,0.01,-3.92,None,1.42947,20.0,-3.16431,95.1961,1,-2.83496
6005,2022-10-01 12:39:27,-0.0232268,1.715,1.216,0.0,0.7698,-0.184808,-0.188139,0.7698,-0.372948,1,0.01,-3.91,None,1.42946,20.0,-3.23527,95.1946,1,-2.83249
6005,2022-10-01 12:39:34,-0.0218016,1.715,1.215,0.0,0.8981,-0.184808,-0.188139,0.8981,-0.372948,1,0.01,-3.92,None,1.42947,20.0,-3.16431,95.1961,1,-2.83496
6005,2022-10-01 12:39:40,-0.0168163,1.72,1.216,0.449,0.7698,-0.184808,-0.188139,1.2188,-0.372948,1,0.01,-3.95,None,1.42948,20.0,-2.868,95.2014,1,-2.84231
6005,2022-10-01 12:39:47,-0.0182416,1.72,1.215,0.449,0.8981,-0.184808,-0.188139,1.3471,-0.372948,1,0.01,-3.94,None,1.42947,20.0,-2.96105,95.2002,1,-2.84041
6005,2022-10-01 12:39:54,-0.0182416,1.72,1.216,0.449,0.7698,-0.184808,-0.188139,1.2188,-0.372948,1,0.01,-3.94,None,1.42947,20.0,-2.96105,95.2002,1,-2.84041
6005,2022-10-01 12:40:07,-0.0168163,1.72,1.215,0.449,0.8981,-0.184808,-0.188139,1.3471,-0.372948,1,0.01,-3.95,None,1.42948,20.0,-2.868,95.2014,1,-2.84231
6005,2022-10-01 12:40:14,-0.0196668,1.72,1.216,0.449,0.7698,-0.184808,-0.188139,1.2188,-0.372948,1,0.01,-3.94,None,1.42947,20.0,-3.04718,95.1989,1,-2.83835
6005,2022-10-01 12:40:27,-0.0196668,1.72,1.217,0.449,0.6415,-0.184808,-0.188139,1.0905,-0.372948,1,0.01,-3.94,None,1.42947,20.0,-3.04718,95.1989,1,-2.83835
6005,2022-10-01 12:40:33,-0.0182416,1.72,1.216,0.449,0.7698,-0.184808,-0.188139,1.2188,-0.372948,1,0.01,-3.94,None,1.42947,20.0,-2.96105,95.2002,1,-2.84041
6005,2022-10-01 12:40:40,-0.0196668,1.72,1.217,0.449,0.6415,-0.184808,-0.188139,1.0905,-0.372948,1,0.01,-3.94,None,1.42947,20.0,-3.04718,95.1989,1,-2.83835
6005,2022-10-01 12:41:12,-0.021092,1.72,1.218,0.449,0.5132,-0.184808,-0.188139,0.9622,-0.372948,1,0.01,-3.93,None,1.42947,20.0,-3.12688,95.1976,1,-2.83613
6005,2022-10-01 12:41:19,-0.0225171,1.72,1.219,0.449,0.3849,-0.184808,-0.188139,0.8339,-0.372948,1,0.01,-3.92,None,1.42946,20.0,-3.20063,95.1962,1,-2.83374
6005,2022-10-01 12:41:39,-0.0239423,1.72,1.22,0.449,0.2566,-0.184808,-0.188139,0.7056,-0.372948,1,0.01,-3.92,None,1.42946,20.0,-3.2689,95.1947,1,-2.83119
6005,2022-10-01 12:41:52,-0.0225171,1.72,1.22,0.449,0.2566,-0.184808,-0.188139,0.7056,-0.372948,1,0.01,-3.92,None,1.42946,20.0,-3.20063,95.1962,1,-2.83374
6005,2022-10-01 12:41:58,-0.0225171,1.72,1.219,0.449,0.3849,-0.184808,-0.188139,0.8339,-0.372948,1,0.01,-3.92,None,1.42946,20.0,-3.20063,95.1962,1,-2.83374
6005,2022-10-01 12:42:05,-0.0225171,1.715,1.217,0.0,0.6415,-0.184808,-0.188139,0.6415,-0.372948,1,0.01,-3.92,None,1.42946,20.0,-3.20063,95.1962,1,-2.83374
6005,2022-10-01 12:42:11,-0.024652,1.715,1.218,0.0,0.5132,-0.184808,-0.188139,0.5132,-0.372948,1,0.01,-3.91,None,1.42946,20.0,-3.30097,95.193,1,-2.82987
6005,2022-10-01 12:42:18,-0.024652,1.715,1.217,0.0,0.6415,-0.184808,-0.188139,0.6415,-0.372948,1,0.01,-3.91,None,1.42946,20.0,-3.30097,95.193,1,-2.82987
6005,2022-10-01 12:42:25,-0.0218016,1.715,1.215,0.0,0.8981,-0.184808,-0.188139,0.8981,-0.372948,1,0.01,-3.92,None,1.42947,20.0,-3.16431,95.1961,1,-2.83496
6005,2022-10-01 12:42:31,-0.0175259,1.715,1.212,0.0,1.283,-0.184808,-0.188139,1.283,-0.372948,1,0.01,-3.94,None,1.42948,20.0,-2.91521,95.2002,1,-2.84139
6005,2022-10-01 12:42:38,-0.0203764,1.715,1.214,0.0,1.0264,-0.184808,-0.188139,1.0264,-0.372948,1,0.01,-3.93,None,1.42947,20.0,-3.08763,95.1975,1,-2.83727
6005,2022-10-01 12:42:45,-0.0189512,1.71,1.213,-0.449,1.1547,-0.184808,-0.188139,0.7057,-0.372948,1,0.01,-3.93,None,1.42947,20.0,-3.00476,95.1989,1,-2.83941
6005,2022-10-01 12:42:51,-0.0239365,1.71,1.213,-0.449,1.1547,-0.184808,-0.188139,0.7057,-0.372948,1,0.01,-3.9,None,1.42946,20.0,-3.26861,95.1929,1,-2.8312
6005,2022-10-01 12:42:58,-0.0267869,1.71,1.215,-0.449,0.8981,-0.184808,-0.188139,0.4491,-0.372948,1,0.01,-3.89,None,1.42945,20.0,-3.39041,95.1896,1,-2.61875
6005,2022-10-01 12:43:04,-0.0253617,1.71,1.214,-0.449,1.0264,-0.184808,-0.188139,0.5774,-0.372948,1,0.01,-3.9,None,1.42946,20.0,-3.33184,95.1913,1,-2.8285
6005,2022-10-01 12:43:11,-0.0282121,1.71,1.216,-0.449,0.7698,-0.184808,-0.188139,0.3208,-0.372948,1,0.01,-3.88,None,1.42945,20.0,-3.4447,95.1879,1,-2.61552
6005,2022-10-01 12:43:25,-0.0267869,1.71,1.214,-0.449,1.0264,-0.184808,-0.188139,0.5774,-0.372948,1,0.01,-3.89,None,1.42945,20.0,-3.39041,95.1896,1,-2.61875
6005,2022-10-01 12:43:31,-0.0282121,1.71,1.216,-0.449,0.7698,-0.184808,-0.188139,0.3208,-0.372948,1,0.01,-3.88,None,1.42945,20.0,-3.4447,95.1879,1,-2.61552
6005,2022-10-01 12:43:45,-0.0296372,1.71,1.217,-0.449,0.6415,-0.184808,-0.188139,0.1925,-0.372948,1,0.01,-3.87,None,1.42945,20.0,-3.49505,95.1861,1,-2.61215
6005,2022-10-01 12:43:52,-0.0267869,1.71,1.214,-0.449,1.0264,-0.184808,-0.188139,0.5774,-0.372948,1,0.01,-3.89,None,1.42945,20.0,-3.39041,95.1896,1,-2.61875
6005,2022-10-01 12:43:58,-0.0253617,1.71,1.214,-0.449,1.0264,-0.184808,-0.188139,0.5774,-0.372948,1,0.01,-3.9,None,1.42946,20.0,-3.33184,95.1913,1,-2.8285
6005,2022-10-01 12:44:12,-0.0239365,1.71,1.213,-0.449,1.1547,-0.184808,-0.188139,0.7057,-0.372948,1,0.01,-3.9,None,1.42946,20.0,-3.26861,95.1929,1,-2.8312
6005,2022-10-01 12:44:18,-0.0225113,1.71,1.213,-0.449,1.1547,-0.184808,-0.188139,0.7057,-0.372948,1,0.01,-3.91,None,1.42946,20.0,-3.20032,95.1945,1,-2.83375
6005,2022-10-01 12:44:25,-0.0239365,1.715,1.213,0.0,1.1547,-0.184808,-0.188139,1.1547,-0.372948,1,0.01,-3.9,None,1.42946,20.0,-3.26861,95.1929,1,-2.8312
6005,2022-10-01 12:44:32,-0.0175259,1.715,1.212,0.0,1.283,-0.184808,-0.188139,1.283,-0.372948,1,0.01,-3.94,None,1.42948,20.0,-2.91521,95.2002,1,-2.84139
6005,2022-10-01 12:44:38,-0.0175259,1.715,1.213,0.0,1.1547,-0.184808,-0.188139,1.1547,-0.372948,1,0.01,-3.94,None,1.42948,20.0,-2.91521,95.2002,1,-2.84139
6005,2022-10-01 12:44:45,-0.0189512,1.715,1.213,0.0,1.1547,-0.184808,-0.188139,1.1547,-0.372948,1,0.01,-3.93,None,1.42947,20.0,-3.00476,95.1989,1,-2.83941
6005,2022-10-01 12:44:58,-0.0175259,1.715,1.212,0.0,1.283,-0.184808,-0.188139,1.283,-0.372948,1,0.01,-3.94,None,1.42948,20.0,-2.91521,95.2002,1,-2.84139
6005,2022-10-01 12:45:05,-0.0161007,1.715,1.211,0.0,1.4113,-0.184808,-0.188139,1.4113,-0.372948,1,0.01,-3.94,None,1.42948,20.0,-2.81849,95.2014,1,-2.8432
6005,2022-10-01 12:45:12,-0.0132501,1.715,1.209,0.0,1.6679,-0.184808,-0.188139,1.6679,-0.372948,1,0.01,-3.95,None,1.42949,20.0,-2.60148,95.2038,1,-2.84631
6005,2022-10-01 12:45:19,-0.0118248,1.715,1.208,0.0,1.7962,-0.184808,-0.188139,1.7962,-0.372948,1,0.01,-3.96,None,1.42949,20.0,-2.4802,95.2049,1,-2.84761
6005,2022-10-01 12:45:25,-0.0132501,1.715,1.209,0.0,1.6679,-0.184808,-0.188139,1.6679,-0.372948,1,0.01,-3.95,None,1.42949,20.0,-2.60148,95.2038,1,-2.84631
6005,2022-10-01 12:45:32,-0.0146754,1.715,1.21,0.0,1.5396,-0.184808,-0.188139,1.5396,-0.372948,1,0.01,-3.95,None,1.42948,20.0,-2.71408,95.2027,1,-2.84484
6005,2022-10-01 12:45:39,-0.0161007,1.715,1.211,0.0,1.4113,-0.184808,-0.188139,1.4113,-0.372948,1,0.01,-3.94,None,1.42948,20.0,-2.81849,95.2014,1,-2.8432
6005,2022-10-01 12:45:53,-0.0161007,1.715,1.212,0.0,1.283,-0.184808,-0.188139,1.283,-0.372948,1,0.01,-3.94,None,1.42948,20.0,-2.81849,95.2014,1,-2.8432
6005,2022-10-01 12:46:00,-0.0175259,1.715,1.211,0.0,1.4113,-0.184808,-0.188139,1.4113,-0.372948,1,0.01,-3.94,None,1.42948,20.0,-2.91521,95.2002,1,-2.84139
6005,2022-10-01 12:46:06,-0.0175259,1.715,1.212,0.0,1.283,-0.184808,-0.188139,1.283,-0.372948,1,0.01,-3.94,None,1.42948,20.0,-2.91521,95.2002,1,-2.84139
6005,2022-10-01 12:46:25,-0.0189512,1.71,1.213,-0.449,1.1547,-0.184808,-0.188139,0.7057,-0.372948,1,0.01,-3.93,None,1.42947,20.0,-3.00476,95.1989,1,-2.83941
6005,2022-10-01 12:46:32,-0.0225113,1.71,1.212,-0.449,1.283,-0.184808,-0.188139,0.834,-0.372948,1,0.01,-3.91,None,1.42946,20.0,-3.20032,95.1945,1,-2.83375
6005,2022-10-01 12:46:58,-0.0196608,1.71,1.21,-0.449,1.5396,-0.184808,-0.188139,1.0906,-0.372948,1,0.01,-3.92,None,1.42947,20.0,-3.04681,95.1975,1,-2.83836
6005,2022-10-01 12:47:18,-0.0196608,1.71,1.209,-0.449,1.6679,-0.184808,-0.188139,1.2189,-0.372948,1,0.01,-3.92,None,1.42947,20.0,-3.04681,95.1975,1,-2.83836
6005,2022-10-01 12:47:24,-0.0182356,1.71,1.209,-0.449,1.6679,-0.184808,-0.188139,1.2189,-0.372948,1,0.01,-3.93,None,1.42948,20.0,-2.96065,95.1989,1,-2.84042
6005,2022-10-01 12:47:31,-0.0196608,1.71,1.21,-0.449,1.5396,-0.184808,-0.188139,1.0906,-0.372948,1,0.01,-3.92,None,1.42947,20.0,-3.04681,95.1975,1,-2.83836
6005,2022-10-01 12:48:04,-0.0168103,1.71,1.208,-0.449,1.7962,-0.184808,-0.188139,1.3472,-0.372948,1,0.01,-3.93,None,1.42948,20.0,-2.86757,95.2003,1,-2.84232
6005,2022-10-01 12:48:11,-0.0118248,1.715,1.209,0.0,1.6679,-0.184808,-0.188139,1.6679,-0.372948,1,0.01,-3.96,None,1.42949,20.0,-2.4802,95.2049,1,-2.84761
6005,2022-10-01 12:48:18,-0.0132501,1.715,1.209,0.0,1.6679,-0.184808,-0.188139,1.6679,-0.372948,1,0.01,-3.95,None,1.42949,20.0,-2.60148,95.2038,1,-2.84631
6005,2022-10-01 12:48:24,-0.0103995,1.715,1.207,0.0,1.9245,-0.184808,-0.188139,1.9245,-0.372948,1,0.01,-3.96,None,1.42949,20.0,-2.3498,95.206,1,-2.84874
6005,2022-10-01 12:48:31,-0.0118248,1.715,1.208,0.0,1.7962,-0.184808,-0.188139,1.7962,-0.372948,1,0.01,-3.96,None,1.42949,20.0,-2.4802,95.2049,1,-2.84761
6005,2022-10-01 12:48:44,-0.00754888,1.715,1.206,0.0,2.0528,-0.184808,-0.188139,2.0528,-0.372948,1,0.01,-3.97,None,1.4295,20.0,-2.06019,95.2079,1,-2.85047
6005,2022-10-01 12:48:51,-0.00897422,1.715,1.205,0.0,2.1811,-0.184808,-0.188139,2.1811,-0.372948,1,0.01,-3.97,None,1.4295,20.0,-2.20989,95.207,1,-2.84969
6005,2022-10-01 12:48:57,-0.00897422,1.715,1.206,0.0,2.0528,-0.184808,-0.188139,2.0528,-0.372948,1,0.01,-3.97,None,1.4295,20.0,-2.20989,95.207,1,-2.84969
6005,2022-10-01 12:49:10,-0.0139597,1.71,1.206,-0.449,2.0528,-0.184808,-0.188139,1.6038,-0.372948,1,0.01,-3.94,None,1.42949,20.0,-2.65858,95.2028,1,-2.8456
6005,2022-10-01 12:49:30,-0.0139597,1.71,1.207,-0.449,1.9245,-0.184808,-0.188139,1.4755,-0.372948,1,0.01,-3.94,None,1.42949,20.0,-2.65858,95.2028,1,-2.8456
6005,2022-10-01 12:49:37,-0.0196608,1.71,1.21,-0.449,1.5396,-0.184808,-0.188139,1.0906,-0.372948,1,0.01,-3.92,None,1.42947,20.0,-3.04681,95.1975,1,-2.83836
6005,2022-10-01 12:49:43,-0.0168103,1.71,1.208,-0.449,1.7962,-0.184808,-0.188139,1.3472,-0.372948,1,0.01,-3.93,None,1.42948,20.0,-2.86757,95.2003,1,-2.84232
6005,2022-10-01 12:49:50,-0.0182356,1.71,1.209,-0.449,1.6679,-0.184808,-0.188139,1.2189,-0.372948,1,0.01,-3.93,None,1.42948,20.0,-2.96065,95.1989,1,-2.84042
6005,2022-10-01 12:50:10,-0.0168103,1.71,1.208,-0.449,1.7962,-0.184808,-0.188139,1.3472,-0.372948,1,0.01,-3.93,None,1.42948,20.0,-2.86757,95.2003,1,-2.84232
6005,2022-10-01 12:50:17,-0.015385,1.71,1.207,-0.449,1.9245,-0.184808,-0.188139,1.4755,-0.372948,1,0.01,-3.94,None,1.42948,20.0,-2.76705,95.2016,1,-2.84404
6005,2022-10-01 12:50:23,-0.0168103,1.71,1.207,-0.449,1.9245,-0.184808,-0.188139,1.4755,-0.372948,1,0.01,-3.93,None,1.42948,20.0,-2.86757,95.2003,1,-2.84232
6005,2022-10-01 12:50:30,-0.015385,1.71,1.207,-0.449,1.9245,-0.184808,-0.188139,1.4755,-0.372948,1,0.01,-3.94,None,1.42948,20.0,-2.76705,95.2016,1,-2.84404
6005,2022-10-01 12:50:37,-0.0139597,1.71,1.206,-0.449,2.0528,-0.184808,-0.188139,1.6038,-0.372948,1,0.01,-3.94,None,1.42949,20.0,-2.65858,95.2028,1,-2.8456
6005,2022-10-01 12:50:43,-0.015385,1.71,1.207,-0.449,1.9245,-0.184808,-0.188139,1.4755,-0.372948,1,0.01,-3.94,None,1.42948,20.0,-2.76705,95.2016,1,-2.84404
6005,2022-10-01 12:50:56,-0.0168103,1.71,1.208,-0.449,1.7962,-0.184808,-0.188139,1.3472,-0.372948,1,0.01,-3.93,None,1.42948,20.0,-2.86757,95.2003,1,-2.84232
6005,2022-10-01 12:51:29,-0.0182356,1.71,1.209,-0.449,1.6679,-0.184808,-0.188139,1.2189,-0.372948,1,0.01,-3.93,None,1.42948,20.0,-2.96065,95.1989,1,-2.84042
6005,2022-10-01 12:51:49,-0.0182356,1.71,1.208,-0.449,1.7962,-0.184808,-0.188139,1.3472,-0.372948,1,0.01,-3.93,None,1.42948,20.0,-2.96065,95.1989,1,-2.84042
6005,2022-10-01 12:51:56,-0.0168103,1.71,1.208,-0.449,1.7962,-0.184808,-0.188139,1.3472,-0.372948,1,0.01,-3.93,None,1.42948,20.0,-2.86757,95.2003,1,-2.84232
6005,2022-10-01 12:52:03,-0.0182356,1.71,1.208,-0.449,1.7962,-0.184808,-0.188139,1.3472,-0.372948,1,0.01,-3.93,None,1.42948,20.0,-2.96065,95.1989,1,-2.84042
6005,2022-10-01 12:52:09,-0.0168103,1.71,1.208,-0.449,1.7962,-0.184808,-0.188139,1.3472,-0.372948,1,0.01,-3.93,None,1.42948,20.0,-2.86757,95.2003,1,-2.84232
6005,2022-10-01 12:52:29,-0.015385,1.71,1.207,-0.449,1.9245,-0.184808,-0.188139,1.4755,-0.372948,1,0.01,-3.94,None,1.42948,20.0,-2.76705,95.2016,1,-2.84404
6005,2022-10-01 12:52:35,-0.015385,1.715,1.207,0.0,1.9245,-0.184808,-0.188139,1.9245,-0.372948,1,0.01,-3.94,None,1.42948,20.0,-2.76705,95.2016,1,-2.84404
6005,2022-10-01 12:52:42,-0.0103995,1.715,1.207,0.0,1.9245,-0.184808,-0.188139,1.9245,-0.372948,1,0.01,-3.96,None,1.42949,20.0,-2.3498,95.206,1,-2.84874
6005,2022-10-01 12:53:02,-0.00897422,1.715,1.206,0.0,2.0528,-0.184808,-0.188139,2.0528,-0.372948,1,0.01,-3.97,None,1.4295,20.0,-2.20989,95.207,1,-2.84969
6005,2022-10-01 12:53:15,-0.00897422,1.715,1.207,0.0,1.9245,-0.184808,-0.188139,1.9245,-0.372948,1,0.01,-3.97,None,1.4295,20.0,-2.20989,95.207,1,-2.84969
6005,2022-10-01 12:53:22,-0.0103995,1.715,1.207,0.0,1.9245,-0.184808,-0.188139,1.9245,-0.372948,1,0.01,-3.96,None,1.42949,20.0,-2.3498,95.206,1,-2.84874
6005,2022-10-01 12:53:28,-0.0118248,1.715,1.208,0.0,1.7962,-0.184808,-0.188139,1.7962,-0.372948,1,0.01,-3.96,None,1.42949,20.0,-2.4802,95.2049,1,-2.84761
6005,2022-10-01 12:53:35,-0.0132501,1.715,1.209,0.0,1.6679,-0.184808,-0.188139,1.6679,-0.372948,1,0.01,-3.95,None,1.42949,20.0,-2.60148,95.2038,1,-2.84631
6005,2022-10-01 12:53:42,-0.0118248,1.715,1.208,0.0,1.7962,-0.184808,-0.188139,1.7962,-0.372948,1,0.01,-3.96,None,1.42949,20.0,-2.4802,95.2049,1,-2.84761
6005,2022-10-01 12:53:56,-0.0118248,1.715,1.209,0.0,1.6679,-0.184808,-0.188139,1.6679,-0.372948,1,0.01,-3.96,None,1.42949,20.0,-2.4802,95.2049,1,-2.84761
6005,2022-10-01 12:54:03,-0.0132501,1.715,1.208,0.0,1.7962,-0.184808,-0.188139,1.7962,-0.372948,1,0.01,-3.95,None,1.42949,20.0,-2.60148,95.2038,1,-2.84631
6005,2022-10-01 12:54:09,-0.0103995,1.715,1.207,0.0,1.9245,-0.184808,-0.188139,1.9245,-0.372948,1,0.01,-3.96,None,1.42949,20.0,-2.3498,95.206,1,-2.84874
6005,2022-10-01 12:54:16,-0.00897422,1.715,1.206,0.0,2.0528,-0.184808,-0.188139,2.0528,-0.372948,1,0.01,-3.97,None,1.4295,20.0,-2.20989,95.207,1,-2.84969
6005,2022-10-01 12:54:43,-0.0118248,1.715,1.207,0.0,1.9245,-0.184808,-0.188139,1.9245,-0.372948,1,0.01,-3.96,None,1.42949,20.0,-2.4802,95.2049,1,-2.84761
6005,2022-10-01 12:54:50,-0.0103995,1.715,1.207,0.0,1.9245,-0.184808,-0.188139,1.9245,-0.372948,1,0.01,-3.96,None,1.42949,20.0,-2.3498,95.206,1,-2.84874
6005,2022-10-01 12:55:03,-0.0103995,1.71,1.207,-0.449,1.9245,-0.184808,-0.188139,1.4755,-0.372948,1,0.01,-3.96,None,1.42949,20.0,-2.3498,95.206,1,-2.84874
6005,2022-10-01 12:55:10,-0.015385,1.71,1.207,-0.449,1.9245,-0.184808,-0.188139,1.4755,-0.372948,1,0.01,-3.94,None,1.42948,20.0,-2.76705,95.2016,1,-2.84404
6005,2022-10-01 12:56:10,-0.0118248,1.715,1.208,0.0,1.7962,-0.184808,-0.188139,1.7962,-0.372948,1,0.01,-3.96,None,1.42949,20.0,-2.4802,95.2049,1,-2.84761
6005,2022-10-01 12:56:36,-0.0132501,1.715,1.209,0.0,1.6679,-0.184808,-0.188139,1.6679,-0.372948,1,0.01,-3.95,None,1.42949,20.0,-2.60148,95.2038,1,-2.84631
6005,2022-10-01 12:56:43,-0.0146754,1.715,1.21,0.0,1.5396,-0.184808,-0.188139,1.5396,-0.372948,1,0.01,-3.95,None,1.42948,20.0,-2.71408,95.2027,1,-2.84484
6005,2022-10-01 12:56:56,-0.0146754,1.715,1.209,0.0,1.6679,-0.184808,-0.188139,1.6679,-0.372948,1,0.01,-3.95,None,1.42948,20.0,-2.71408,95.2027,1,-2.84484
6005,2022-10-01 12:57:03,-0.0132501,1.715,1.209,0.0,1.6679,-0.184808,-0.188139,1.6679,-0.372948,1,0.01,-3.95,None,1.42949,20.0,-2.60148,95.2038,1,-2.84631
6005,2022-10-01 12:57:09,-0.0132501,1.715,1.208,0.0,1.7962,-0.184808,-0.188139,1.7962,-0.372948,1,0.01,-3.95,None,1.42949,20.0,-2.60148,95.2038,1,-2.84631
6005,2022-10-01 12:57:23,-0.0132501,1.715,1.209,0.0,1.6679,-0.184808,-0.188139,1.6679,-0.372948,1,0.01,-3.95,None,1.42949,20.0,-2.60148,95.2038,1,-2.84631
6005,2022-10-01 12:57:36,-0.0118248,1.715,1.208,0.0,1.7962,-0.184808,-0.188139,1.7962,-0.372948,1,0.01,-3.96,None,1.42949,20.0,-2.4802,95.2049,1,-2.84761
6005,2022-10-01 12:57:49,-0.0182356,1.71,1.209,-0.449,1.6679,-0.184808,-0.188139,1.2189,-0.372948,1,0.01,-3.93,None,1.42948,20.0,-2.96065,95.1989,1,-2.84042
6005,2022-10-01 12:57:56,-0.0182356,1.71,1.208,-0.449,1.7962,-0.184808,-0.188139,1.3472,-0.372948,1,0.01,-3.93,None,1.42948,20.0,-2.96065,95.1989,1,-2.84042
6005,2022-10-01 12:58:03,-0.015385,1.71,1.207,-0.449,1.9245,-0.184808,-0.188139,1.4755,-0.372948,1,0.01,-3.94,None,1.42948,20.0,-2.76705,95.2016,1,-2.84404
6005,2022-10-01 12:58:29,-0.0168103,1.71,1.208,-0.449,1.7962,-0.184808,-0.188139,1.3472,-0.372948,1,0.01,-3.93,None,1.42948,20.0,-2.86757,95.2003,1,-2.84232
6005,2022-10-01 12:58:55,-0.015385,1.71,1.207,-0.449,1.9245,-0.184808,-0.188139,1.4755,-0.372948,1,0.01,-3.94,None,1.42948,20.0,-2.76705,95.2016,1,-2.84404
6005,2022-10-01 12:59:28,-0.0139597,1.71,1.206,-0.449,2.0528,-0.184808,-0.188139,1.6038,-0.372948,1,0.01,-3.94,None,1.42949,20.0,-2.65858,95.2028,1,-2.8456
6005,2022-10-01 13:00:09,-0.014239,1.71,1.207,-0.449,1.9245,-0.184808,-0.188139,1.4755,-0.372948,1,0.01,-3.86,None,1.42972,20.0,-2.22337,95.032,-1,-2.91224
6005,2022-10-01 13:00:16,-0.0156645,1.71,1.207,-0.449,1.9245,-0.184808,-0.188139,1.4755,-0.372948,1,0.01,-3.86,None,1.42971,20.0,-2.3354,95.0308,-1,-2.91094
6005,2022-10-01 13:00:22,-0.0185155,1.71,1.209,-0.449,1.6679,-0.184808,-0.188139,1.2189,-0.372948,1,0.01,-3.85,None,1.42971,20.0,-2.54131,95.028,-1,-2.61404
6005,2022-10-01 13:00:29,-0.01709,1.71,1.208,-0.449,1.7962,-0.184808,-0.188139,1.3472,-0.372948,1,0.01,-3.86,None,1.42971,20.0,-2.44132,95.0294,-1,-2.90946
6005,2022-10-01 13:00:36,-0.0156645,1.71,1.207,-0.449,1.9245,-0.184808,-0.188139,1.4755,-0.372948,1,0.01,-3.86,None,1.42971,20.0,-2.3354,95.0308,-1,-2.91094
6005,2022-10-01 13:00:42,-0.014239,1.71,1.207,-0.449,1.9245,-0.184808,-0.188139,1.4755,-0.372948,1,0.01,-3.86,None,1.42972,20.0,-2.22337,95.032,-1,-2.91224
6005,2022-10-01 13:00:49,-0.01709,1.71,1.208,-0.449,1.7962,-0.184808,-0.188139,1.3472,-0.372948,1,0.01,-3.86,None,1.42971,20.0,-2.44132,95.0294,-1,-2.90946
6005,2022-10-01 13:01:02,-0.01709,1.71,1.207,-0.449,1.9245,-0.184808,-0.188139,1.4755,-0.372948,1,0.01,-3.86,None,1.42971,20.0,-2.44132,95.0294,-1,-2.90946
6005,2022-10-01 13:01:09,-0.0156645,1.71,1.206,-0.449,2.0528,-0.184808,-0.188139,1.6038,-0.372948,1,0.01,-3.86,None,1.42971,20.0,-2.3354,95.0308,-1,-2.91094
6005,2022-10-01 13:01:17,-0.0128134,1.71,1.205,-0.449,2.1811,-0.184808,-0.188139,1.7321,-0.372948,1,0.01,-3.87,None,1.42972,20.0,-2.10508,95.0333,-1,-2.91336
6005,2022-10-01 13:01:50,-0.014239,1.71,1.206,-0.449,2.0528,-0.184808,-0.188139,1.6038,-0.372948,1,0.01,-3.86,None,1.42972,20.0,-2.22337,95.032,-1,-2.91224
6005,2022-10-01 13:02:03,-0.0156645,1.71,1.207,-0.449,1.9245,-0.184808,-0.188139,1.4755,-0.372948,1,0.01,-3.86,None,1.42971,20.0,-2.3354,95.0308,-1,-2.91094
6005,2022-10-01 13:02:57,-0.0156645,1.715,1.207,0.0,1.9245,-0.184808,-0.188139,1.9245,-0.372948,1,0.01,-3.86,None,1.42971,20.0,-2.3354,95.0308,-1,-2.91094
6005,2022-10-01 13:03:03,-0.010679,1.715,1.207,0.0,1.9245,-0.184808,-0.188139,1.9245,-0.372948,1,0.01,-3.88,None,1.42973,20.0,-1.91605,95.0353,-1,-2.91471
6005,2022-10-01 13:04:04,-0.010679,1.71,1.207,-0.449,1.9245,-0.184808,-0.188139,1.4755,-0.372948,1,0.01,-3.88,None,1.42973,20.0,-1.91605,95.0353,-1,-2.91471
6005,2022-10-01 13:04:11,-0.0156645,1.71,1.207,-0.449,1.9245,-0.184808,-0.188139,1.4755,-0.372948,1,0.01,-3.86,None,1.42971,20.0,-2.3354,95.0308,-1,-2.91094
6005,2022-10-01 13:05:31,-0.010679,1.715,1.207,0.0,1.9245,-0.184808,-0.188139,1.9245,-0.372948,1,0.01,-3.88,None,1.42973,20.0,-1.91605,95.0353,-1,-2.91471
6005,2022-10-01 13:05:50,-0.010679,1.715,1.206,0.0,2.0528,-0.184808,-0.188139,2.0528,-0.372948,1,0.01,-3.88,None,1.42973,20.0,-1.91605,95.0353,-1,-2.91471
6005,2022-10-01 13:05:57,-0.010679,1.715,1.207,0.0,1.9245,-0.184808,-0.188139,1.9245,-0.372948,1,0.01,-3.88,None,1.42973,20.0,-1.91605,95.0353,-1,-2.91471
6005,2022-10-01 13:06:10,-0.00925349,1.715,1.206,0.0,2.0528,-0.184808,-0.188139,2.0528,-0.372948,1,0.01,-3.88,None,1.42973,20.0,-1.78178,95.0363,-1,-2.91538
6005,2022-10-01 13:06:56,-0.00782793,1.715,1.205,0.0,2.1811,-0.184808,-0.188139,2.1811,-0.372948,1,0.01,-3.89,None,1.42973,20.0,-1.64115,95.0373,1,-2.91588
6005,2022-10-01 13:07:23,-0.00925349,1.715,1.206,0.0,2.0528,-0.184808,-0.188139,2.0528,-0.372948,1,0.01,-3.88,None,1.42973,20.0,-1.78178,95.0363,-1,-2.91538
6005,2022-10-01 13:07:49,-0.010679,1.715,1.207,0.0,1.9245,-0.184808,-0.188139,1.9245,-0.372948,1,0.01,-3.88,None,1.42973,20.0,-1.91605,95.0353,-1,-2.91471
6005,2022-10-01 13:09:01,-0.0156645,1.71,1.207,-0.449,1.9245,-0.184808,-0.188139,1.4755,-0.372948,1,0.01,-3.86,None,1.42971,20.0,-2.3354,95.0308,-1,-2.91094
6005,2022-10-01 13:09:27,-0.014239,1.71,1.205,-0.449,2.1811,-0.184808,-0.188139,1.7321,-0.372948,1,0.01,-3.86,None,1.42972,20.0,-2.22337,95.032,-1,-2.91224
6005,2022-10-01 13:09:33,-0.0128134,1.71,1.205,-0.449,2.1811,-0.184808,-0.188139,1.7321,-0.372948,1,0.01,-3.87,None,1.42972,20.0,-2.10508,95.0333,-1,-2.91336
6005,2022-10-01 13:09:46,-0.014239,1.71,1.206,-0.449,2.0528,-0.184808,-0.188139,1.6038,-0.372948,1,0.01,-3.86,None,1.42972,20.0,-2.22337,95.032,-1,-2.91224
6005,2022-10-01 13:09:53,-0.014239,1.71,1.205,-0.449,2.1811,-0.184808,-0.188139,1.7321,-0.372948,1,0.01,-3.86,None,1.42972,20.0,-2.22337,95.032,-1,-2.91224
6005,2022-10-01 13:09:59,-0.0128134,1.71,1.205,-0.449,2.1811,-0.184808,-0.188139,1.7321,-0.372948,1,0.01,-3.87,None,1.42972,20.0,-2.10508,95.0333,-1,-2.91336
6005,2022-10-01 13:10:12,-0.0113879,1.71,1.204,-0.449,2.3094,-0.184808,-0.188139,1.8604,-0.372948,1,0.01,-3.87,None,1.42972,20.0,-1.98041,95.0345,-1,-2.9143
6005,2022-10-01 13:10:19,-0.00996231,1.71,1.203,-0.449,2.4377,-0.184808,-0.188139,1.9887,-0.372948,1,0.01,-3.88,None,1.42973,20.0,-1.84933,95.0356,-1,-2.91507
6005,2022-10-01 13:10:32,-0.0128134,1.71,1.205,-0.449,2.1811,-0.184808,-0.188139,1.7321,-0.372948,1,0.01,-3.87,None,1.42972,20.0,-2.10508,95.0333,-1,-2.91336
6005,2022-10-01 13:10:45,-0.014239,1.71,1.206,-0.449,2.0528,-0.184808,-0.188139,1.6038,-0.372948,1,0.01,-3.86,None,1.42972,20.0,-2.22337,95.032,-1,-2.91224
6005,2022-10-01 13:10:52,-0.010679,1.715,1.207,0.0,1.9245,-0.184808,-0.188139,1.9245,-0.372948,1,0.01,-3.88,None,1.42973,20.0,-1.91605,95.0353,-1,-2.91471
6005,2022-10-01 13:11:24,-0.010679,1.715,1.206,0.0,2.0528,-0.184808,-0.188139,2.0528,-0.372948,1,0.01,-3.88,None,1.42973,20.0,-1.91605,95.0353,-1,-2.91471
6005,2022-10-01 13:11:30,-0.00925349,1.715,1.207,0.0,1.9245,-0.184808,-0.188139,1.9245,-0.372948,1,0.01,-3.88,None,1.42973,20.0,-1.78178,95.0363,-1,-2.91538
6005,2022-10-01 13:11:37,-0.010679,1.715,1.207,0.0,1.9245,-0.184808,-0.188139,1.9245,-0.372948,1,0.01,-3.88,None,1.42973,20.0,-1.91605,95.0353,-1,-2.91471
6005,2022-10-01 13:11:56,-0.00925349,1.715,1.206,0.0,2.0528,-0.184808,-0.188139,2.0528,-0.372948,1,0.01,-3.88,None,1.42973,20.0,-1.78178,95.0363,-1,-2.91538
6005,2022-10-01 13:12:09,-0.010679,1.715,1.207,0.0,1.9245,-0.184808,-0.188139,1.9245,-0.372948,1,0.01,-3.88,None,1.42973,20.0,-1.91605,95.0353,-1,-2.91471
6005,2022-10-01 13:12:41,-0.010679,1.715,1.208,0.0,1.7962,-0.184808,-0.188139,1.7962,-0.372948,1,0.01,-3.88,None,1.42973,20.0,-1.91605,95.0353,-1,-2.91471
6005,2022-10-01 13:12:48,-0.0121046,1.715,1.208,0.0,1.7962,-0.184808,-0.188139,1.7962,-0.372948,1,0.01,-3.88,None,1.42972,20.0,-2.0439,95.0342,-1,-2.91385
6005,2022-10-01 13:13:01,-0.01709,1.71,1.208,-0.449,1.7962,-0.184808,-0.188139,1.3472,-0.372948,1,0.01,-3.86,None,1.42971,20.0,-2.44132,95.0294,-1,-2.90946
6005,2022-10-01 13:13:20,-0.0156645,1.71,1.207,-0.449,1.9245,-0.184808,-0.188139,1.4755,-0.372948,1,0.01,-3.86,None,1.42971,20.0,-2.3354,95.0308,-1,-2.91094
6005,2022-10-01 13:14:06,-0.01709,1.71,1.207,-0.449,1.9245,-0.184808,-0.188139,1.4755,-0.372948,1,0.01,-3.86,None,1.42971,20.0,-2.44132,95.0294,-1,-2.90946
6005,2022-10-01 13:14:12,-0.0156645,1.71,1.207,-0.449,1.9245,-0.184808,-0.188139,1.4755,-0.372948,1,0.01,-3.86,None,1.42971,20.0,-2.3354,95.0308,-1,-2.91094
6005,2022-10-01 13:14:19,-0.0156645,1.71,1.206,-0.449,2.0528,-0.184808,-0.188139,1.6038,-0.372948,1,0.01,-3.86,None,1.42971,20.0,-2.3354,95.0308,-1,-2.91094
6005,2022-10-01 13:14:26,-0.014239,1.71,1.206,-0.449,2.0528,-0.184808,-0.188139,1.6038,-0.372948,1,0.01,-3.86,None,1.42972,20.0,-2.22337,95.032,-1,-2.91224
6005,2022-10-01 13:14:32,-0.014239,1.71,1.207,-0.449,1.9245,-0.184808,-0.188139,1.4755,-0.372948,1,0.01,-3.86,None,1.42972,20.0,-2.22337,95.032,-1,-2.91224
6005,2022-10-01 13:14:38,-0.0156645,1.71,1.207,-0.449,1.9245,-0.184808,-0.188139,1.4755,-0.372948,1,0.01,-3.86,None,1.42971,20.0,-2.3354,95.0308,-1,-2.91094
6005,2022-10-01 13:14:52,-0.014239,1.71,1.206,-0.449,2.0528,-0.184808,-0.188139,1.6038,-0.372948,1,0.01,-3.86,None,1.42972,20.0,-2.22337,95.032,-1,-2.91224
6005,2022-10-01 13:14:59,-0.014239,1.71,1.208,-0.449,1.7962,-0.184808,-0.188139,1.3472,-0.372948,1,0.01,-3.86,None,1.42972,20.0,-2.22337,95.032,-1,-2.91224
6005,2022-10-01 13:15:05,-0.0156645,1.71,1.207,-0.449,1.9245,-0.184808,-0.188139,1.4755,-0.372948,1,0.01,-3.86,None,1.42971,20.0,-2.3354,95.0308,-1,-2.91094
6005,2022-10-01 13:15:12,-0.014239,1.71,1.207,-0.449,1.9245,-0.184808,-0.188139,1.4755,-0.372948,1,0.01,-3.86,None,1.42972,20.0,-2.22337,95.032,-1,-2.91224
6005,2022-10-01 13:15:18,-0.0156645,1.71,1.207,-0.449,1.9245,-0.184808,-0.188139,1.4755,-0.372948,1,0.01,-3.86,None,1.42971,20.0,-2.3354,95.0308,-1,-2.91094
6005,2022-10-01 13:15:44,-0.0185155,1.71,1.209,-0.449,1.6679,-0.184808,-0.188139,1.2189,-0.372948,1,0.01,-3.85,None,1.42971,20.0,-2.54131,95.028,-1,-2.61404
6005,2022-10-01 13:15:51,-0.019941,1.71,1.21,-0.449,1.5396,-0.184808,-0.188139,1.0906,-0.372948,1,0.01,-3.85,None,1.4297,20.0,-2.63559,95.0266,-1,-2.61105
6005,2022-10-01 13:16:44,-0.019941,1.71,1.209,-0.449,1.6679,-0.184808,-0.188139,1.2189,-0.372948,1,0.01,-3.85,None,1.4297,20.0,-2.63559,95.0266,-1,-2.61105
6005,2022-10-01 13:16:50,-0.0185155,1.71,1.209,-0.449,1.6679,-0.184808,-0.188139,1.2189,-0.372948,1,0.01,-3.85,None,1.42971,20.0,-2.54131,95.028,-1,-2.61404
6005,2022-10-01 13:17:29,-0.0185155,1.715,1.209,0.0,1.6679,-0.184808,-0.188139,1.6679,-0.372948,1,0.01,-3.85,None,1.42971,20.0,-2.54131,95.028,-1,-2.61404
6005,2022-10-01 13:17:36,-0.0135301,1.715,1.209,0.0,1.6679,-0.184808,-0.188139,1.6679,-0.372948,1,0.01,-3.87,None,1.42972,20.0,-2.16535,95.0331,-1,-2.91282
6005,2022-10-01 13:18:08,-0.0149556,1.715,1.21,0.0,1.5396,-0.184808,-0.188139,1.5396,-0.372948,1,0.01,-3.87,None,1.42972,20.0,-2.28048,95.0319,-1,-2.91161
6005,2022-10-01 13:18:53,-0.0149556,1.715,1.211,0.0,1.4113,-0.184808,-0.188139,1.4113,-0.372948,1,0.01,-3.87,None,1.42972,20.0,-2.28048,95.0319,-1,-2.91161
6005,2022-10-01 13:18:59,-0.0178066,1.715,1.212,0.0,1.283,-0.184808,-0.188139,1.283,-0.372948,1,0.01,-3.86,None,1.42971,20.0,-2.49232,95.0293,-1,-2.61547
6005,2022-10-01 13:19:06,-0.0178066,1.715,1.21,0.0,1.5396,-0.184808,-0.188139,1.5396,-0.372948,1,0.01,-3.86,None,1.42971,20.0,-2.49232,95.0293,-1,-2.61547
6005,2022-10-01 13:19:13,-0.0149556,1.715,1.21,0.0,1.5396,-0.184808,-0.188139,1.5396,-0.372948,1,0.01,-3.87,None,1.42972,20.0,-2.28048,95.0319,-1,-2.91161
6005,2022-10-01 13:19:26,-0.0213664,1.71,1.211,-0.449,1.4113,-0.184808,-0.188139,0.9623,-0.372948,1,0.01,-3.84,None,1.4297,20.0,-2.7244,95.025,-1,-2.60791
6005,2022-10-01 13:19:32,-0.0213664,1.71,1.21,-0.449,1.5396,-0.184808,-0.188139,1.0906,-0.372948,1,0.01,-3.84,None,1.4297,20.0,-2.7244,95.025,-1,-2.60791
6005,2022-10-01 13:19:39,-0.0227919,1.71,1.211,-0.449,1.4113,-0.184808,-0.188139,0.9623,-0.372948,1,0.01,-3.83,None,1.4297,20.0,-2.80799,95.0235,-1,-2.60462
6005,2022-10-01 13:19:45,-0.0213664,1.71,1.211,-0.449,1.4113,-0.184808,-0.188139,0.9623,-0.372948,1,0.01,-3.84,None,1.4297,20.0,-2.7244,95.025,-1,-2.60791
6005,2022-10-01 13:20:12,-0.019941,1.71,1.21,-0.449,1.5396,-0.184808,-0.188139,1.0906,-0.372948,1,0.01,-3.85,None,1.4297,20.0,-2.63559,95.0266,-1,-2.61105
6005,2022-10-01 13:20:18,-0.0135301,1.715,1.209,0.0,1.6679,-0.184808,-0.188139,1.6679,-0.372948,1,0.01,-3.87,None,1.42972,20.0,-2.16535,95.0331,-1,-2.91282
6005,2022-10-01 13:21:23,-0.0149556,1.715,1.21,0.0,1.5396,-0.184808,-0.188139,1.5396,-0.372948,1,0.01,-3.87,None,1.42972,20.0,-2.28048,95.0319,-1,-2.91161
6005,2022-10-01 13:21:42,-0.0149556,1.715,1.209,0.0,1.6679,-0.184808,-0.188139,1.6679,-0.372948,1,0.01,-3.87,None,1.42972,20.0,-2.28048,95.0319,-1,-2.91161
6005,2022-10-01 13:21:48,-0.0135301,1.715,1.209,0.0,1.6679,-0.184808,-0.188139,1.6679,-0.372948,1,0.01,-3.87,None,1.42972,20.0,-2.16535,95.0331,-1,-2.91282
6005,2022-10-01 13:22:07,-0.0135301,1.715,1.21,0.0,1.5396,-0.184808,-0.188139,1.5396,-0.372948,1,0.01,-3.87,None,1.42972,20.0,-2.16535,95.0331,-1,-2.91282
6005,2022-10-01 13:22:14,-0.0149556,1.715,1.21,0.0,1.5396,-0.184808,-0.188139,1.5396,-0.372948,1,0.01,-3.87,None,1.42972,20.0,-2.28048,95.0319,-1,-2.91161
6005,2022-10-01 13:22:27,-0.0121046,1.71,1.208,-0.449,1.7962,-0.184808,-0.188139,1.3472,-0.372948,1,0.01,-3.88,None,1.42972,20.0,-2.0439,95.0342,-1,-2.91385
6005,2022-10-01 13:22:33,-0.01709,1.71,1.208,-0.449,1.7962,-0.184808,-0.188139,1.3472,-0.372948,1,0.01,-3.86,None,1.42971,20.0,-2.44132,95.0294,-1,-2.90946
6005,2022-10-01 13:22:40,-0.0156645,1.71,1.207,-0.449,1.9245,-0.184808,-0.188139,1.4755,-0.372948,1,0.01,-3.86,None,1.42971,20.0,-2.3354,95.0308,-1,-2.91094
6005,2022-10-01 13:24:16,-0.0156645,1.71,1.206,-0.449,2.0528,-0.184808,-0.188139,1.6038,-0.372948,1,0.01,-3.86,None,1.42971,20.0,-2.3354,95.0308,-1,-2.91094
6005,2022-10-01 13:24:22,-0.014239,1.71,1.206,-0.449,2.0528,-0.184808,-0.188139,1.6038,-0.372948,1,0.01,-3.86,None,1.42972,20.0,-2.22337,95.032,-1,-2.91224
6005,2022-10-01 13:24:30,-0.0113879,1.71,1.204,-0.449,2.3094,-0.184808,-0.188139,1.8604,-0.372948,1,0.01,-3.87,None,1.42972,20.0,-1.98041,95.0345,-1,-2.9143
6005,2022-10-01 13:24:36,-0.0128134,1.71,1.205,-0.449,2.1811,-0.184808,-0.188139,1.7321,-0.372948,1,0.01,-3.87,None,1.42972,20.0,-2.10508,95.0333,-1,-2.91336
6005,2022-10-01 13:24:43,-0.0113879,1.71,1.204,-0.449,2.3094,-0.184808,-0.188139,1.8604,-0.372948,1,0.01,-3.87,None,1.42972,20.0,-1.98041,95.0345,-1,-2.9143
6005,2022-10-01 13:25:02,-0.00996231,1.71,1.204,-0.449,2.3094,-0.184808,-0.188139,1.8604,-0.372948,1,0.01,-3.88,None,1.42973,20.0,-1.84933,95.0356,-1,-2.91507
6005,2022-10-01 13:25:09,-0.0113879,1.71,1.204,-0.449,2.3094,-0.184808,-0.188139,1.8604,-0.372948,1,0.01,-3.87,None,1.42972,20.0,-1.98041,95.0345,-1,-2.9143
6005,2022-10-01 13:25:16,-0.0128134,1.71,1.205,-0.449,2.1811,-0.184808,-0.188139,1.7321,-0.372948,1,0.01,-3.87,None,1.42972,20.0,-2.10508,95.0333,-1,-2.91336
6005,2022-10-01 13:25:22,-0.0128134,1.71,1.204,-0.449,2.3094,-0.184808,-0.188139,1.8604,-0.372948,1,0.01,-3.87,None,1.42972,20.0,-2.10508,95.0333,-1,-2.91336
6005,2022-10-01 13:25:29,-0.0163734,1.705,1.205,-0.898,2.1811,-0.184808,-0.188139,1.2831,-0.372948,1,0.01,-3.85,None,1.42971,20.0,-2.38882,95.0296,-1,-2.91023
6005,2022-10-01 13:25:35,-0.0177989,1.705,1.205,-0.898,2.1811,-0.184808,-0.188139,1.2831,-0.372948,1,0.01,-3.85,None,1.42971,20.0,-2.49176,95.0282,-1,-2.61549
6005,2022-10-01 13:26:08,-0.0192244,1.705,1.206,-0.898,2.0528,-0.184808,-0.188139,1.1548,-0.372948,1,0.01,-3.84,None,1.42971,20.0,-2.58888,95.0267,-1,-2.61258
6005,2022-10-01 13:27:06,-0.0177989,1.705,1.205,-0.898,2.1811,-0.184808,-0.188139,1.2831,-0.372948,1,0.01,-3.85,None,1.42971,20.0,-2.49176,95.0282,-1,-2.61549
6005,2022-10-01 13:27:57,-0.0177989,1.705,1.204,-0.898,2.3094,-0.184808,-0.188139,1.4114,-0.372948,1,0.01,-3.85,None,1.42971,20.0,-2.49176,95.0282,-1,-2.61549
6005,2022-10-01 13:28:04,-0.0163734,1.705,1.205,-0.898,2.1811,-0.184808,-0.188139,1.2831,-0.372948,1,0.01,-3.85,None,1.42971,20.0,-2.38882,95.0296,-1,-2.91023
6005,2022-10-01 13:28:10,-0.0177989,1.705,1.205,-0.898,2.1811,-0.184808,-0.188139,1.2831,-0.372948,1,0.01,-3.85,None,1.42971,20.0,-2.49176,95.0282,-1,-2.61549
6005,2022-10-01 13:28:16,-0.0177989,1.705,1.204,-0.898,2.3094,-0.184808,-0.188139,1.4114,-0.372948,1,0.01,-3.85,None,1.42971,20.0,-2.49176,95.0282,-1,-2.61549
6005,2022-10-01 13:28:23,-0.0177989,1.705,1.205,-0.898,2.1811,-0.184808,-0.188139,1.2831,-0.372948,1,0.01,-3.85,None,1.42971,20.0,-2.49176,95.0282,-1,-2.61549
6005,2022-10-01 13:28:43,-0.0177989,1.705,1.204,-0.898,2.3094,-0.184808,-0.188139,1.4114,-0.372948,1,0.01,-3.85,None,1.42971,20.0,-2.49176,95.0282,-1,-2.61549
6005,2022-10-01 13:28:49,-0.0163734,1.705,1.204,-0.898,2.3094,-0.184808,-0.188139,1.4114,-0.372948,1,0.01,-3.85,None,1.42971,20.0,-2.38882,95.0296,-1,-2.91023
6005,2022-10-01 13:30:02,-0.0163734,1.705,1.203,-0.898,2.4377,-0.184808,-0.188139,1.5397,-0.372948,1,0.01,-3.85,None,1.42971,20.0,-2.38882,95.0296,-1,-2.91023
6005,2022-10-01 13:30:09,-0.0163734,1.705,1.204,-0.898,2.3094,-0.184808,-0.188139,1.4114,-0.372948,1,0.01,-3.85,None,1.42971,20.0,-2.38882,95.0296,-1,-2.91023
6005,2022-10-01 13:30:16,-0.0149479,1.705,1.202,-0.898,2.566,-0.184808,-0.188139,1.668,-0.372948,1,0.01,-3.86,None,1.42972,20.0,-2.27985,95.031,-1,-2.91162
6005,2022-10-01 13:30:23,-0.0135223,1.705,1.202,-0.898,2.566,-0.184808,-0.188139,1.668,-0.372948,1,0.01,-3.86,None,1.42972,20.0,-2.16468,95.0323,-1,-2.91282
6005,2022-10-01 13:30:36,-0.0149479,1.705,1.203,-0.898,2.4377,-0.184808,-0.188139,1.5397,-0.372948,1,0.01,-3.86,None,1.42972,20.0,-2.27985,95.031,-1,-2.91162
6005,2022-10-01 13:31:09,-0.0163734,1.705,1.204,-0.898,2.3094,-0.184808,-0.188139,1.4114,-0.372948,1,0.01,-3.85,None,1.42971,20.0,-2.38882,95.0296,-1,-2.91023
6005,2022-10-01 13:31:22,-0.0163734,1.705,1.203,-0.898,2.4377,-0.184808,-0.188139,1.5397,-0.372948,1,0.01,-3.85,None,1.42971,20.0,-2.38882,95.0296,-1,-2.91023
6005,2022-10-01 13:31:28,-0.0163734,1.705,1.204,-0.898,2.3094,-0.184808,-0.188139,1.4114,-0.372948,1,0.01,-3.85,None,1.42971,20.0,-2.38882,95.0296,-1,-2.91023
6005,2022-10-01 13:32:01,-0.0177989,1.705,1.205,-0.898,2.1811,-0.184808,-0.188139,1.2831,-0.372948,1,0.01,-3.85,None,1.42971,20.0,-2.49176,95.0282,-1,-2.61549
6005,2022-10-01 13:32:15,-0.0163734,1.705,1.204,-0.898,2.3094,-0.184808,-0.188139,1.4114,-0.372948,1,0.01,-3.85,None,1.42971,20.0,-2.38882,95.0296,-1,-2.91023
6005,2022-10-01 13:32:21,-0.0177989,1.705,1.205,-0.898,2.1811,-0.184808,-0.188139,1.2831,-0.372948,1,0.01,-3.85,None,1.42971,20.0,-2.49176,95.0282,-1,-2.61549
6005,2022-10-01 13:32:54,-0.0128134,1.71,1.205,-0.449,2.1811,-0.184808,-0.188139,1.7321,-0.372948,1,0.01,-3.87,None,1.42972,20.0,-2.10508,95.0333,-1,-2.91336
6005,2022-10-01 13:33:26,-0.014239,1.71,1.207,-0.449,1.9245,-0.184808,-0.188139,1.4755,-0.372948,1,0.01,-3.86,None,1.42972,20.0,-2.22337,95.032,-1,-2.91224
6005,2022-10-01 13:33:32,-0.01709,1.71,1.208,-0.449,1.7962,-0.184808,-0.188139,1.3472,-0.372948,1,0.01,-3.86,None,1.42971,20.0,-2.44132,95.0294,-1,-2.90946
6005,2022-10-01 13:33:52,-0.0185155,1.71,1.209,-0.449,1.6679,-0.184808,-0.188139,1.2189,-0.372948,1,0.01,-3.85,None,1.42971,20.0,-2.54131,95.028,-1,-2.61404
6005,2022-10-01 13:33:58,-0.01709,1.71,1.207,-0.449,1.9245,-0.184808,-0.188139,1.4755,-0.372948,1,0.01,-3.86,None,1.42971,20.0,-2.44132,95.0294,-1,-2.90946
6005,2022-10-01 13:34:05,-0.0156645,1.71,1.207,-0.449,1.9245,-0.184808,-0.188139,1.4755,-0.372948,1,0.01,-3.86,None,1.42971,20.0,-2.3354,95.0308,-1,-2.91094
6005,2022-10-01 13:34:37,-0.0121046,1.715,1.208,0.0,1.7962,-0.184808,-0.188139,1.7962,-0.372948,1,0.01,-3.88,None,1.42972,20.0,-2.0439,95.0342,-1,-2.91385
6005,2022-10-01 13:35:22,-0.010679,1.715,1.207,0.0,1.9245,-0.184808,-0.188139,1.9245,-0.372948,1,0.01,-3.88,None,1.42973,20.0,-1.91605,95.0353,-1,-2.91471
6005,2022-10-01 13:35:49,-0.010679,1.715,1.206,0.0,2.0528,-0.184808,-0.188139,2.0528,-0.372948,1,0.01,-3.88,None,1.42973,20.0,-1.91605,95.0353,-1,-2.91471
6005,2022-10-01 13:35:55,-0.00925349,1.715,1.206,0.0,2.0528,-0.184808,-0.188139,2.0528,-0.372948,1,0.01,-3.88,None,1.42973,20.0,-1.78178,95.0363,-1,-2.91538
6005,2022-10-01 13:36:15,-0.00782793,1.715,1.205,0.0,2.1811,-0.184808,-0.188139,2.1811,-0.372948,1,0.01,-3.89,None,1.42973,20.0,-1.64115,95.0373,1,-2.91588
6005,2022-10-01 13:36:34,-0.00925349,1.715,1.206,0.0,2.0528,-0.184808,-0.188139,2.0528,-0.372948,1,0.01,-3.88,None,1.42973,20.0,-1.78178,95.0363,-1,-2.91538
6005,2022-10-01 13:37:13,-0.00782793,1.715,1.205,0.0,2.1811,-0.184808,-0.188139,2.1811,-0.372948,1,0.01,-3.89,None,1.42973,20.0,-1.64115,95.0373,1,-2.91588
6005,2022-10-01 13:37:45,-0.00925349,1.715,1.206,0.0,2.0528,-0.184808,-0.188139,2.0528,-0.372948,1,0.01,-3.88,None,1.42973,20.0,-1.78178,95.0363,-1,-2.91538
6005,2022-10-01 13:38:55,-0.00925349,1.71,1.206,-0.449,2.0528,-0.184808,-0.188139,1.6038,-0.372948,1,0.01,-3.88,None,1.42973,20.0,-1.78178,95.0363,-1,-2.91538
6005,2022-10-01 13:39:02,-0.014239,1.71,1.206,-0.449,2.0528,-0.184808,-0.188139,1.6038,-0.372948,1,0.01,-3.86,None,1.42972,20.0,-2.22337,95.032,-1,-2.91224
6005,2022-10-01 13:40:12,-0.0113879,1.715,1.204,0.0,2.3094,-0.184808,-0.188139,2.3094,-0.372948,1,0.01,-3.87,None,1.42972,20.0,-1.98041,95.0345,-1,-2.9143
6005,2022-10-01 13:40:19,-0.00640236,1.715,1.204,0.0,2.3094,-0.184808,-0.188139,2.3094,-0.372948,1,0.01,-3.89,None,1.42974,20.0,-1.49431,95.0382,1,-2.91619
6005,2022-10-01 13:40:25,-0.00782793,1.715,1.205,0.0,2.1811,-0.184808,-0.188139,2.1811,-0.372948,1,0.01,-3.89,None,1.42973,20.0,-1.64115,95.0373,1,-2.91588
6005,2022-10-01 13:41:29,-0.00640236,1.715,1.204,0.0,2.3094,-0.184808,-0.188139,2.3094,-0.372948,1,0.01,-3.89,None,1.42974,20.0,-1.49431,95.0382,1,-2.91619
6005,2022-10-01 13:41:49,-0.00640236,1.715,1.203,0.0,2.4377,-0.184808,-0.188139,2.4377,-0.372948,1,0.01,-3.89,None,1.42974,20.0,-1.49431,95.0382,1,-2.91619
6005,2022-10-01 13:41:55,-0.00497677,1.715,1.203,0.0,2.4377,-0.184808,-0.188139,2.4377,-0.372948,1,0.01,-3.9,None,1.42974,20.0,-1.34149,95.039,1,-2.91633
6005,2022-10-01 13:42:14,-0.00640236,1.715,1.204,0.0,2.3094,-0.184808,-0.188139,2.3094,-0.372948,1,0.01,-3.89,None,1.42974,20.0,-1.49431,95.0382,1,-2.91619
6005,2022-10-01 13:42:40,-0.00497677,1.715,1.203,0.0,2.4377,-0.184808,-0.188139,2.4377,-0.372948,1,0.01,-3.9,None,1.42974,20.0,-1.34149,95.039,1,-2.91633
6005,2022-10-01 13:42:46,-0.00640236,1.715,1.204,0.0,2.3094,-0.184808,-0.188139,2.3094,-0.372948,1,0.01,-3.89,None,1.42974,20.0,-1.49431,95.0382,1,-2.91619
6005,2022-10-01 13:43:51,-0.00355117,1.715,1.202,0.0,2.566,-0.184808,-0.188139,2.566,-0.372948,1,0.01,-3.9,None,1.42974,20.0,-1.18303,95.0398,1,-2.91629
6005,2022-10-01 13:43:57,-0.00996231,1.71,1.202,-0.449,2.566,-0.184808,-0.188139,2.117,-0.372948,1,0.01,-3.88,None,1.42973,20.0,-1.84933,95.0356,-1,-2.91507
6005,2022-10-01 13:44:03,-0.00853674,1.71,1.202,-0.449,2.566,-0.184808,-0.188139,2.117,-0.372948,1,0.01,-3.88,None,1.42973,20.0,-1.71185,95.0366,-1,-2.91565
6005,2022-10-01 13:44:36,-0.00996231,1.71,1.203,-0.449,2.4377,-0.184808,-0.188139,1.9887,-0.372948,1,0.01,-3.88,None,1.42973,20.0,-1.84933,95.0356,-1,-2.91507
6005,2022-10-01 13:44:55,-0.00853674,1.71,1.202,-0.449,2.566,-0.184808,-0.188139,2.117,-0.372948,1,0.01,-3.88,None,1.42973,20.0,-1.71185,95.0366,-1,-2.91565
6005,2022-10-01 13:45:21,-0.00996231,1.71,1.203,-0.449,2.4377,-0.184808,-0.188139,1.9887,-0.372948,1,0.01,-3.88,None,1.42973,20.0,-1.84933,95.0356,-1,-2.91507
6005,2022-10-01 13:46:26,-0.00996231,1.715,1.203,0.0,2.4377,-0.184808,-0.188139,2.4377,-0.372948,1,0.01,-3.88,None,1.42973,20.0,-1.84933,95.0356,-1,-2.91507
6005,2022-10-01 13:46:32,-0.00497677,1.715,1.203,0.0,2.4377,-0.184808,-0.188139,2.4377,-0.372948,1,0.01,-3.9,None,1.42974,20.0,-1.34149,95.039,1,-2.91633
6005,2022-10-01 13:46:39,-0.00355117,1.715,1.202,0.0,2.566,-0.184808,-0.188139,2.566,-0.372948,1,0.01,-3.9,None,1.42974,20.0,-1.18303,95.0398,1,-2.91629
6005,2022-10-01 13:46:58,-0.00212556,1.715,1.201,0.0,2.6943,-0.184808,-0.188139,2.6943,-0.372948,1,0.01,-3.9,None,1.42975,20.0,-1.01934,95.0406,1,-2.91607
6005,2022-10-01 13:47:04,-0.00212556,1.715,1.202,0.0,2.566,-0.184808,-0.188139,2.566,-0.372948,1,0.01,-3.9,None,1.42975,20.0,-1.01934,95.0406,1,-2.91607
6005,2022-10-01 13:47:10,-0.00355117,1.715,1.202,0.0,2.566,-0.184808,-0.188139,2.566,-0.372948,1,0.01,-3.9,None,1.42974,20.0,-1.18303,95.0398,1,-2.91629
6005,2022-10-01 13:47:23,-0.00355117,1.715,1.201,0.0,2.6943,-0.184808,-0.188139,2.6943,-0.372948,1,0.01,-3.9,None,1.42974,20.0,-1.18303,95.0398,1,-2.91629
6005,2022-10-01 13:47:30,-0.00212556,1.715,1.201,0.0,2.6943,-0.184808,-0.188139,2.6943,-0.372948,1,0.01,-3.9,None,1.42975,20.0,-1.01934,95.0406,1,-2.91607
6005,2022-10-01 13:47:43,-0.00711115,1.71,1.201,-0.449,2.6943,-0.184808,-0.188139,2.2453,-0.372948,1,0.01,-3.89,None,1.42973,20.0,-1.56808,95.0376,1,-2.91606
6005,2022-10-01 13:48:03,-0.00711115,1.71,1.202,-0.449,2.566,-0.184808,-0.188139,2.117,-0.372948,1,0.01,-3.89,None,1.42973,20.0,-1.56808,95.0376,1,-2.91606
6005,2022-10-01 13:48:09,-0.00853674,1.71,1.202,-0.449,2.566,-0.184808,-0.188139,2.117,-0.372948,1,0.01,-3.88,None,1.42973,20.0,-1.71185,95.0366,-1,-2.91565
6005,2022-10-01 13:48:22,-0.00996231,1.71,1.203,-0.449,2.4377,-0.184808,-0.188139,1.9887,-0.372948,1,0.01,-3.88,None,1.42973,20.0,-1.84933,95.0356,-1,-2.91507
6005,2022-10-01 13:48:36,-0.0113879,1.715,1.204,0.0,2.3094,-0.184808,-0.188139,2.3094,-0.372948,1,0.01,-3.87,None,1.42972,20.0,-1.98041,95.0345,-1,-2.9143
6005,2022-10-01 13:48:42,-0.00640236,1.715,1.204,0.0,2.3094,-0.184808,-0.188139,2.3094,-0.372948,1,0.01,-3.89,None,1.42974,20.0,-1.49431,95.0382,1,-2.91619
6005,2022-10-01 13:48:55,-0.00640236,1.715,1.203,0.0,2.4377,-0.184808,-0.188139,2.4377,-0.372948,1,0.01,-3.89,None,1.42974,20.0,-1.49431,95.0382,1,-2.91619
6005,2022-10-01 13:49:02,-0.00497677,1.715,1.203,0.0,2.4377,-0.184808,-0.188139,2.4377,-0.372948,1,0.01,-3.9,None,1.42974,20.0,-1.34149,95.039,1,-2.91633
6005,2022-10-01 13:49:53,-0.00640236,1.715,1.204,0.0,2.3094,-0.184808,-0.188139,2.3094,-0.372948,1,0.01,-3.89,None,1.42974,20.0,-1.49431,95.0382,1,-2.91619
6005,2022-10-01 13:51:35,-0.00497677,1.715,1.203,0.0,2.4377,-0.184808,-0.188139,2.4377,-0.372948,1,0.01,-3.9,None,1.42974,20.0,-1.34149,95.039,1,-2.91633
6005,2022-10-01 13:51:48,-0.00640236,1.715,1.204,0.0,2.3094,-0.184808,-0.188139,2.3094,-0.372948,1,0.01,-3.89,None,1.42974,20.0,-1.49431,95.0382,1,-2.91619
6005,2022-10-01 13:53:30,-0.0113879,1.71,1.204,-0.449,2.3094,-0.184808,-0.188139,1.8604,-0.372948,1,0.01,-3.87,None,1.42972,20.0,-1.98041,95.0345,-1,-2.9143
6005,2022-10-01 13:54:21,-0.0113879,1.71,1.205,-0.449,2.1811,-0.184808,-0.188139,1.7321,-0.372948,1,0.01,-3.87,None,1.42972,20.0,-1.98041,95.0345,-1,-2.9143
6005,2022-10-01 13:54:27,-0.0128134,1.71,1.205,-0.449,2.1811,-0.184808,-0.188139,1.7321,-0.372948,1,0.01,-3.87,None,1.42972,20.0,-2.10508,95.0333,-1,-2.91336
6005,2022-10-01 13:56:03,-0.00996231,1.71,1.203,-0.449,2.4377,-0.184808,-0.188139,1.9887,-0.372948,1,0.01,-3.88,None,1.42973,20.0,-1.84933,95.0356,-1,-2.91507
6005,2022-10-01 13:56:10,-0.00497677,1.715,1.203,0.0,2.4377,-0.184808,-0.188139,2.4377,-0.372948,1,0.01,-3.9,None,1.42974,20.0,-1.34149,95.039,1,-2.91633
6005,2022-10-01 13:56:54,-0.00355117,1.715,1.202,0.0,2.566,-0.184808,-0.188139,2.566,-0.372948,1,0.01,-3.9,None,1.42974,20.0,-1.18303,95.0398,1,-2.91629
6005,2022-10-01 13:57:06,-0.00355117,1.71,1.202,-0.449,2.566,-0.184808,-0.188139,2.117,-0.372948,1,0.01,-3.9,None,1.42974,20.0,-1.18303,95.0398,1,-2.91629
6005,2022-10-01 13:57:13,-0.00853674,1.71,1.202,-0.449,2.566,-0.184808,-0.188139,2.117,-0.372948,1,0.01,-3.88,None,1.42973,20.0,-1.71185,95.0366,-1,-2.91565
6005,2022-10-01 13:57:26,-0.00996231,1.71,1.203,-0.449,2.4377,-0.184808,-0.188139,1.9887,-0.372948,1,0.01,-3.88,None,1.42973,20.0,-1.84933,95.0356,-1,-2.91507
6005,2022-10-01 13:57:32,-0.0113879,1.71,1.204,-0.449,2.3094,-0.184808,-0.188139,1.8604,-0.372948,1,0.01,-3.87,None,1.42972,20.0,-1.98041,95.0345,-1,-2.9143
6005,2022-10-01 13:57:58,-0.00996231,1.71,1.203,-0.449,2.4377,-0.184808,-0.188139,1.9887,-0.372948,1,0.01,-3.88,None,1.42973,20.0,-1.84933,95.0356,-1,-2.91507
6005,2022-10-01 14:00:04,-0.0101819,1.71,1.203,-0.449,2.4377,-0.184808,-0.188139,1.9887,-0.372948,1,0.01,-3.96,None,1.42991,22.0,-1.6241,94.8499,-1,-2.83434
6005,2022-10-01 14:00:56,-0.00875619,1.71,1.202,-0.449,2.566,-0.184808,-0.188139,2.117,-0.372948,1,0.01,-3.97,None,1.42991,22.0,-1.48919,94.851,-1,-2.83474
6005,2022-10-01 14:01:41,-0.00733043,1.71,1.199,-0.449,2.9509,-0.184808,-0.188139,2.5019,-0.372948,1,0.01,-3.97,None,1.42992,22.0,-1.34927,94.852,-1,-2.65105
6005,2022-10-01 14:01:48,-0.00590465,1.71,1.199,-0.449,2.9509,-0.184808,-0.188139,2.5019,-0.372948,1,0.01,-3.97,None,1.42992,22.0,-1.20459,94.853,-1,-2.65255
6005,2022-10-01 14:01:54,-0.00447885,1.71,1.199,-0.449,2.9509,-0.184808,-0.188139,2.5019,-0.372948,1,0.01,-3.98,None,1.42992,22.0,-1.05549,94.8539,-1,-2.6539
6005,2022-10-01 14:02:07,-0.00447885,1.71,1.2,-0.449,2.8226,-0.184808,-0.188139,2.3736,-0.372948,1,0.01,-3.98,None,1.42992,22.0,-1.05549,94.8539,-1,-2.6539
6005,2022-10-01 14:02:13,-0.00590465,1.71,1.199,-0.449,2.9509,-0.184808,-0.188139,2.5019,-0.372948,1,0.01,-3.97,None,1.42992,22.0,-1.20459,94.853,-1,-2.65255
6005,2022-10-01 14:02:20,-0.00447885,1.71,1.199,-0.449,2.9509,-0.184808,-0.188139,2.5019,-0.372948,1,0.01,-3.98,None,1.42992,22.0,-1.05549,94.8539,-1,-2.6539
6005,2022-10-01 14:02:26,-0.00590465,1.71,1.2,-0.449,2.8226,-0.184808,-0.188139,2.3736,-0.372948,1,0.01,-3.97,None,1.42992,22.0,-1.20459,94.853,-1,-2.65255
6005,2022-10-01 14:03:06,-0.00447885,1.71,1.199,-0.449,2.9509,-0.184808,-0.188139,2.5019,-0.372948,1,0.01,-3.98,None,1.42992,22.0,-1.05549,94.8539,-1,-2.6539
6005,2022-10-01 14:03:26,-0.00590465,1.71,1.2,-0.449,2.8226,-0.184808,-0.188139,2.3736,-0.372948,1,0.01,-3.97,None,1.42992,22.0,-1.20459,94.853,-1,-2.65255
6005,2022-10-01 14:04:05,-0.00447885,1.71,1.2,-0.449,2.8226,-0.184808,-0.188139,2.3736,-0.372948,1,0.01,-3.98,None,1.42992,22.0,-1.05549,94.8539,-1,-2.6539
6005,2022-10-01 14:04:11,-0.00590465,1.71,1.2,-0.449,2.8226,-0.184808,-0.188139,2.3736,-0.372948,1,0.01,-3.97,None,1.42992,22.0,-1.20459,94.853,-1,-2.65255
6005,2022-10-01 14:04:25,-0.00447885,1.71,1.199,-0.449,2.9509,-0.184808,-0.188139,2.5019,-0.372948,1,0.01,-3.98,None,1.42992,22.0,-1.05549,94.8539,-1,-2.6539
6005,2022-10-01 14:04:45,-0.00590465,1.705,1.2,-0.898,2.8226,-0.184808,-0.188139,1.9246,-0.372948,1,0.01,-3.97,None,1.42992,22.0,-1.20459,94.853,-1,-2.65255
6005,2022-10-01 14:04:52,-0.00946447,1.705,1.199,-0.898,2.9509,-0.184808,-0.188139,2.0529,-0.372948,1,0.01,-3.96,None,1.42991,22.0,-1.55684,94.8503,-1,-2.83456
6005,2022-10-01 14:04:58,-0.00661289,1.705,1.197,-0.898,3.2075,-0.184808,-0.188139,2.3095,-0.372948,1,0.01,-3.97,None,1.42992,22.0,-1.27703,94.8525,-1,-2.65183
6005,2022-10-01 14:05:18,-0.00518708,1.705,1.196,-0.898,3.3358,-0.184808,-0.188139,2.4378,-0.372948,1,0.01,-3.97,None,1.42992,22.0,-1.13008,94.8535,-1,-2.65325
6005,2022-10-01 14:05:25,-0.00518708,1.705,1.195,-0.898,3.4641,-0.184808,-0.188139,2.5661,-0.372948,1,0.01,-3.97,None,1.42992,22.0,-1.13008,94.8535,-1,-2.65325
6005,2022-10-01 14:05:31,-0.00376126,1.705,1.196,-0.898,3.3358,-0.184808,-0.188139,2.4378,-0.372948,1,0.01,-3.97,None,1.42993,22.0,-0.978891,94.8545,-1,-2.65451
6005,2022-10-01 14:05:38,-0.00518708,1.705,1.196,-0.898,3.3358,-0.184808,-0.188139,2.4378,-0.372948,1,0.01,-3.97,None,1.42992,22.0,-1.13008,94.8535,-1,-2.65325
6005,2022-10-01 14:06:03,-0.00376126,1.705,1.196,-0.898,3.3358,-0.184808,-0.188139,2.4378,-0.372948,1,0.01,-3.97,None,1.42993,22.0,-0.978891,94.8545,-1,-2.65451
6005,2022-10-01 14:06:10,-0.00518708,1.705,1.196,-0.898,3.3358,-0.184808,-0.188139,2.4378,-0.372948,1,0.01,-3.97,None,1.42992,22.0,-1.13008,94.8535,-1,-2.65325
6005,2022-10-01 14:06:16,-0.00376126,1.705,1.196,-0.898,3.3358,-0.184808,-0.188139,2.4378,-0.372948,1,0.01,-3.97,None,1.42993,22.0,-0.978891,94.8545,-1,-2.65451
6005,2022-10-01 14:06:24,-0.00518708,1.7,1.195,-1.347,3.4641,-0.184808,-0.188139,2.1171,-0.372948,1,0.01,-3.97,None,1.42992,22.0,-1.13008,94.8535,-1,-2.65325
6005,2022-10-01 14:06:30,-0.0101728,1.7,1.195,-1.347,3.4641,-0.184808,-0.188139,2.1171,-0.372948,1,0.01,-3.96,None,1.42991,22.0,-1.62323,94.8496,-1,-2.83434
6005,2022-10-01 14:06:37,-0.00874697,1.7,1.195,-1.347,3.4641,-0.184808,-0.188139,2.1171,-0.372948,1,0.01,-3.96,None,1.42991,22.0,-1.48828,94.8508,-1,-2.83474
6005,2022-10-01 14:06:57,-0.00874697,1.705,1.195,-0.898,3.4641,-0.184808,-0.188139,2.5661,-0.372948,1,0.01,-3.96,None,1.42991,22.0,-1.48828,94.8508,-1,-2.83474
6005,2022-10-01 14:07:04,-0.00376126,1.705,1.194,-0.898,3.5924,-0.184808,-0.188139,2.6944,-0.372948,1,0.01,-3.97,None,1.42993,22.0,-0.978891,94.8545,-1,-2.65451
6005,2022-10-01 14:07:10,-0.00233542,1.705,1.194,-0.898,3.5924,-0.184808,-0.188139,2.6944,-0.372948,1,0.01,-3.98,None,1.42993,22.0,-0.8239,94.8554,-1,-2.65561
6005,2022-10-01 14:07:18,-0.00233542,1.705,1.195,-0.898,3.4641,-0.184808,-0.188139,2.5661,-0.372948,1,0.01,-3.98,None,1.42993,22.0,-0.8239,94.8554,-1,-2.65561
6005,2022-10-01 14:07:25,-0.00233542,1.705,1.194,-0.898,3.5924,-0.184808,-0.188139,2.6944,-0.372948,1,0.01,-3.98,None,1.42993,22.0,-0.8239,94.8554,-1,-2.65561
6005,2022-10-01 14:07:38,-0.00589533,1.7,1.193,-1.347,3.7207,-0.184808,-0.188139,2.3737,-0.372948,1,0.01,-3.97,None,1.42992,22.0,-1.20362,94.8531,-1,-2.65256
6005,2022-10-01 14:07:45,-0.00589533,1.7,1.194,-1.347,3.5924,-0.184808,-0.188139,2.2454,-0.372948,1,0.01,-3.97,None,1.42992,22.0,-1.20362,94.8531,-1,-2.65256
6005,2022-10-01 14:07:52,-0.00732116,1.7,1.194,-1.347,3.5924,-0.184808,-0.188139,2.2454,-0.372948,1,0.01,-3.96,None,1.42992,22.0,-1.34833,94.852,-1,-2.65106
6005,2022-10-01 14:07:58,-0.00376126,1.705,1.195,-0.898,3.4641,-0.184808,-0.188139,2.5661,-0.372948,1,0.01,-3.97,None,1.42993,22.0,-0.978891,94.8545,-1,-2.65451
6005,2022-10-01 14:08:12,-0.00661289,1.705,1.197,-0.898,3.2075,-0.184808,-0.188139,2.3095,-0.372948,1,0.01,-3.97,None,1.42992,22.0,-1.27703,94.8525,-1,-2.65183
6005,2022-10-01 14:08:19,-0.00803869,1.705,1.196,-0.898,3.3358,-0.184808,-0.188139,2.4378,-0.372948,1,0.01,-3.97,None,1.42992,22.0,-1.41938,94.8514,-1,-2.83487
6005,2022-10-01 14:08:26,-0.00661289,1.705,1.197,-0.898,3.2075,-0.184808,-0.188139,2.3095,-0.372948,1,0.01,-3.97,None,1.42992,22.0,-1.27703,94.8525,-1,-2.65183
6005,2022-10-01 14:08:32,-0.00518708,1.705,1.196,-0.898,3.3358,-0.184808,-0.188139,2.4378,-0.372948,1,0.01,-3.97,None,1.42992,22.0,-1.13008,94.8535,-1,-2.65325
6005,2022-10-01 14:08:39,-0.00518708,1.705,1.197,-0.898,3.2075,-0.184808,-0.188139,2.3095,-0.372948,1,0.01,-3.97,None,1.42992,22.0,-1.13008,94.8535,-1,-2.65325
6005,2022-10-01 14:08:45,-0.00803869,1.705,1.198,-0.898,3.0792,-0.184808,-0.188139,2.1812,-0.372948,1,0.01,-3.97,None,1.42992,22.0,-1.41938,94.8514,-1,-2.83487
6005,2022-10-01 14:09:05,-0.0130243,1.7,1.198,-1.347,3.0792,-0.184808,-0.188139,1.7322,-0.372948,1,0.01,-3.95,None,1.4299,22.0,-1.87742,94.8469,-1,-2.83302
6005,2022-10-01 14:09:25,-0.0130243,1.705,1.198,-0.898,3.0792,-0.184808,-0.188139,2.1812,-0.372948,1,0.01,-3.95,None,1.4299,22.0,-1.87742,94.8469,-1,-2.83302
6005,2022-10-01 14:09:31,-0.00803869,1.705,1.198,-0.898,3.0792,-0.184808,-0.188139,2.1812,-0.372948,1,0.01,-3.97,None,1.42992,22.0,-1.41938,94.8514,-1,-2.83487
6005,2022-10-01 14:09:38,-0.00661289,1.705,1.197,-0.898,3.2075,-0.184808,-0.188139,2.3095,-0.372948,1,0.01,-3.97,None,1.42992,22.0,-1.27703,94.8525,-1,-2.65183
6005,2022-10-01 14:09:51,-0.00518708,1.705,1.196,-0.898,3.3358,-0.184808,-0.188139,2.4378,-0.372948,1,0.01,-3.97,None,1.42992,22.0,-1.13008,94.8535,-1,-2.65325
6005,2022-10-01 14:09:57,-0.00518708,1.705,1.197,-0.898,3.2075,-0.184808,-0.188139,2.3095,-0.372948,1,0.01,-3.97,None,1.42992,22.0,-1.13008,94.8535,-1,-2.65325
6005,2022-10-01 14:10:04,-0.00518708,1.705,1.196,-0.898,3.3358,-0.184808,-0.188139,2.4378,-0.372948,1,0.01,-3.97,None,1.42992,22.0,-1.13008,94.8535,-1,-2.65325
6005,2022-10-01 14:10:36,-0.00518708,1.705,1.197,-0.898,3.2075,-0.184808,-0.188139,2.3095,-0.372948,1,0.01,-3.97,None,1.42992,22.0,-1.13008,94.8535,-1,-2.65325
6005,2022-10-01 14:10:43,-0.00661289,1.705,1.197,-0.898,3.2075,-0.184808,-0.188139,2.3095,-0.372948,1,0.01,-3.97,None,1.42992,22.0,-1.27703,94.8525,-1,-2.65183
6005,2022-10-01 14:11:03,-0.0115986,1.7,1.196,-1.347,3.3358,-0.184808,-0.188139,1.9888,-0.372948,1,0.01,-3.95,None,1.42991,22.0,-1.75298,94.8483,-1,-2.83377
